﻿<?xml version="1.0" encoding="utf-8" ?>
<genotypes>

  <genotype Name="Pocket Monster" MutationPoints="0" StatPoints="22" AllowedMutationCategories="" RandomWeight="5" DisplayName="Pocket Monster" Subtypes="Variant and Species" Class="" Code="pk" Tile="creatures/AzPx_PikachuTile.png" BodyObject="Pokemon" BaseHPGain="1-4" BaseSPGain="50" BaseMPGain="0" IsMutant="true">
    <stat Name="Strength" Minimum="10" Maximum="24" />
    <stat Name="Agility" Minimum="10" Maximum="24" />
    <stat Name="Toughness" Minimum="10" Maximum="24" />
    <stat Name="Intelligence" Minimum="10" Maximum="24" />
    <stat Name="Willpower" Minimum="10" Maximum="24" />
    <stat Name="Ego" Minimum="10" Maximum="24" />
    <skills>
		<skill Name="Survival" />
		<skill Name="Tactics" />
    </skills>
    <chargeninfo>   &amp;c&#249;&amp;y Evolution: Gain power at certain levels
   &amp;c&#249;&amp;y +/- based on elemental type {{R|Minorly implemented}}
   &amp;c&#249;&amp;y Powerful abilities and natural weapons
   &amp;c&#249;&amp;y Boost to stats based on species</chargeninfo>
  </genotype>

</genotypes>
