﻿<?xml version="1.0" encoding="utf-8" ?>
<subtypes>

  <class ID="Variant and Species" ChargenTitle="Choose Species" SingularTitle="species">

	<category Name="Starters" DisplayName="Starters">
	
	<subtype Name="Snivy" Code="a" Gear="AzPx_StartGear_Snivy" Tile="Player/AzPx_SnivyTile.png" ColorString="&amp;W" DetailColor="G" BodyObject="Snivy" Class="" >
	  <stat Name="Strength" Bonus="3" />
	  <stat Name="Agility" Bonus="6" />
	  <stat Name="Toughness" Bonus="3" />
	  <stat Name="Intelligence" Bonus="2" />
	  <stat Name="Willpower" Bonus="5" />
	  <stat Name="Ego" Bonus="3" />
	  <stat Name="HeatResistance" Bonus="-35" />
    <stat Name="ColdResistance" Bonus="-35" />
    <stat Name="ElectricResistance" Bonus="35" />
      <skills>
        <skill Name="LongBlades2" />
		<skill Name="Persuasion" />
      </skills>
	  <extrainfo>2x Vine Whip, Leech Seed</extrainfo>
    </subtype>
	
	<subtype Name="Tepig" Code="b" Gear="AzPx_StartGear_Tepig" Tile="Player/AzPx_TepigTile.png" ColorString="&amp;O" DetailColor="K" BodyObject="Tepig" Class="" >
	  <stat Name="Strength" Bonus="6" />
	  <stat Name="Agility" Bonus="3" />
	  <stat Name="Toughness" Bonus="7" />
	  <stat Name="Willpower" Bonus="3" />
	  <stat Name="Ego" Bonus="3" />
	  <stat Name="AV" Bonus="1" />
	  <stat Name="MoveSpeed" Bonus="-50" />
	  <stat Name="HeatResistance" Bonus="35" />
    <stat Name="ColdResistance" Bonus="35" />
      <skills>
        <skill Name="Cudgel" />
		<skill Name="Tactics_Charge" />
		<skill Name="Endurance" />
      </skills>
	  <extrainfo>Ember, Tackle</extrainfo>
    </subtype>
	
	<subtype Name="Oshawott" Code="c" Gear="AzPx_StartGear_Oshawott" Tile="Player/AzPx_OshawottTile.png" ColorString="&amp;Y" DetailColor="C" BodyObject="Oshawott" Class="" >
	  <stat Name="Strength" Bonus="5" />
	  <stat Name="Agility" Bonus="3" />
	  <stat Name="Toughness" Bonus="5" />
	  <stat Name="Willpower" Bonus="3" />
	  <stat Name="Ego" Bonus="6" />
	  <stat Name="HeatResistance" Bonus="35" />
    <stat Name="ColdResistance" Bonus="35" />
    <stat Name="ElectricResistance" Bonus="-35" />
      <skills>
        <skill Name="LongBlades2" />
		<skill Name="ShortBlades" />
		<skill Name="Endurance_Swimming" />
      </skills>
	  <extrainfo>Scallchop, Water Gun</extrainfo>
    </subtype>
	
	<subtype Name="Chespin" Code="d" Gear="AzPx_StartGear_Chespin" Tile="Player/AzPx_ChespinTile.png" ColorString="&amp;W" DetailColor="G" BodyObject="Chespin" Class="" >
	  <stat Name="Strength" Bonus="6" />
	  <stat Name="Agility" Bonus="2" />
	  <stat Name="Toughness" Bonus="5" />
	  <stat Name="Willpower" Bonus="3" />
	  <stat Name="Ego" Bonus="4" />
	  <stat Name="AV" Bonus="2" />
	  <stat Name="HeatResistance" Bonus="-35" />
    <stat Name="ColdResistance" Bonus="-35" />
    <stat Name="ElectricResistance" Bonus="35" />
      <skills>
        <skill Name="ShortBlades" />
		<skill Name="Endurance" />
      </skills>
	  <extrainfo>Leech Seed</extrainfo>
    </subtype>
	
	<subtype Name="Fennekin" Code="e" Gear="AzPx_StartGear_Fennekin" Tile="Player/AzPx_FennekinTile.png" ColorString="&amp;W" DetailColor="O" BodyObject="Fennekin" Class="" >
	  <stat Name="Strength" Bonus="6" />
	  <stat Name="Agility" Bonus="3" />
	  <stat Name="Toughness" Bonus="7" />
	  <stat Name="Intelligence" Bonus="2" />
	  <stat Name="Willpower" Bonus="3" />
	  <stat Name="Ego" Bonus="3" />
	  <stat Name="MoveSpeed" Bonus="-50" />
	  <stat Name="HeatResistance" Bonus="35" />
    <stat Name="ColdResistance" Bonus="35" />
      <skills>
        <skill Name="Cudgel" />
		<skill Name="Tactics_Charge" />
		<skill Name="Endurance" />
      </skills>
	  <extrainfo>Ember, Tackle</extrainfo>
    </subtype>
	
	<subtype Name="Froakie" Code="f" Gear="AzPx_StartGear_Froakie" Tile="Player/AzPx_FroakieTile.png" ColorString="&amp;C" DetailColor="Y" BodyObject="Froakie" Class="" >
	  <stat Name="Strength" Bonus="5" />
	  <stat Name="Agility" Bonus="3" />
	  <stat Name="Toughness" Bonus="5" />
	  <stat Name="Willpower" Bonus="3" />
	  <stat Name="Ego" Bonus="6" />
	  <stat Name="HeatResistance" Bonus="35" />
    <stat Name="ColdResistance" Bonus="35" />
    <stat Name="ElectricResistance" Bonus="-35" />
      <skills>
		<skill Name="Acrobatics_Jump" />
		<skill Name="Endurance_Swimming" />
      </skills>
	  <extrainfo>Bubble</extrainfo>
    </subtype>
	
	
	</category>
	
	<category Name="Other" DisplayName="Other">
	
	<subtype Name="Pikachu" Code="g" Gear="AzPx_StartGear_Pikachu" Tile="Player/AzPx_PikachuTile.png" ColorString="&amp;W" DetailColor="R" BodyObject="Pikachu" Class="" >
	  <stat Name="Strength" Bonus="5" />
	  <stat Name="Agility" Bonus="12" />
	  <stat Name="Toughness" Bonus="1" />
	  <stat Name="Willpower" Bonus="4" />
	  <stat Name="Ego" Bonus="4" />
    <stat Name="ElectricResistance" Bonus="35" />
      <skills>
        <skill Name="ShortBlades" />
		<skill Name="Rifles" />
      </skills>
	  <extrainfo>Electrical Generation</extrainfo>
	  <extrainfo>Static</extrainfo>
	  <extrainfo>Thundershock</extrainfo>
    </subtype>
	<subtype Name="Clefairy" Code="h" Gear="AzPx_StartGear_Clefairy" Tile="Player/AzPx_ClefairyTile.png" ColorString="&amp;M" DetailColor="w" BodyObject="Clefairy" Class="" >
	  <stat Name="Strength" Bonus="3" />
	  <stat Name="Agility" Bonus="1" />
	  <stat Name="Toughness" Bonus="8" />
	  <stat Name="Willpower" Bonus="7" />
	  <stat Name="Ego" Bonus="6" />
      <skills>
        <skill Name="Cudgel" />
		<skill Name="Customs_Tactful" />
      </skills>
	  <extrainfo>Heightened Hearing</extrainfo>
	  <extrainfo>Cute Charm</extrainfo>
	  <extrainfo>Disarming Voice</extrainfo>
    </subtype>
	<subtype Name="Ralts" Code="i" Gear="AzPx_StartGear_Ralts" Tile="Player/AzPx_RaltsTile.png" ColorString="&amp;Y" DetailColor="R" BodyObject="Ralts" Class="" >
	  <stat Name="Strength" Bonus="-1" />
	  <stat Name="Agility" Bonus="2" />
	  <stat Name="Intelligence" Bonus="5" />
	  <stat Name="Willpower" Bonus="1" />
	  <stat Name="Ego" Bonus="3" />
      <skills>
        <skill Name="Cudgel" />
		<skill Name="Pistol" />
      </skills>
	  <extrainfo>Teleportation, Confusion</extrainfo>
	  <extrainfo>Disarming Voice</extrainfo>
    </subtype>
	<subtype Name="Buizel" Code="j" Gear="AzPx_StartGear_Buizel" Tile="Player/AzPx_BuizelTile.png" ColorString="&amp;O" DetailColor="B" BodyObject="Buizel" Class="" >
	  <stat Name="Strength" Bonus="7" />
	  <stat Name="Agility" Bonus="11" />
	  <stat Name="Toughness" Bonus="5" />
	  <stat Name="Ego" Bonus="6" />
	  <stat Name="HeatResistance" Bonus="35" />
    <stat Name="ColdResistance" Bonus="35" />
    <stat Name="ElectricResistance" Bonus="-35" />
      <skills>
        <skill Name="Cudgel" />
		<skill Name="Endurance_Swimming" />
		<skill Name="Tactics_Charge" />
      </skills>
	  <extrainfo>Tackle, Water Gun</extrainfo>
    </subtype>
	<subtype Name="Deerling" Code="k" Gear="AzPx_StartGear_Deerling" Tile="Player/AzPx_DeerlingTile.png" ColorString="&amp;W" DetailColor="M" BodyObject="Deerling" Class="" >
	  <stat Name="Strength" Bonus="6" />
	  <stat Name="Agility" Bonus="9" />
	  <stat Name="Toughness" Bonus="6" />
	  <stat Name="Willpower" Bonus="4" />
	  <stat Name="Ego" Bonus="2" />
	  <stat Name="AV" Bonus="1" />
	  <stat Name="MoveSpeed" Bonus="-50" />
	  <stat Name="HeatResistance" Bonus="-35" />
    <stat Name="ColdResistance" Bonus="-35" />
    <stat Name="ElectricResistance" Bonus="35" />
      <skills>
        <skill Name="Cudgel" />
		<skill Name="CookingAndGathering_Harvestry" />
      </skills>
	  <extrainfo>Leech Seed</extrainfo>
	  <extrainfo>Chlorophyll</extrainfo>
    </subtype>
	
	</category>

  </class>

</subtypes>
