<?xml version="1.0" encoding="utf-8" ?>
<bodies>

<bodyparttypevariants>

	<bodyparttypevariant VariantOf="Arm" Type="TK Nodule" />

	<bodyparttypevariant VariantOf="Hand" Type="TK Grasper" DefaultBehavior="InorganicManipulator" UsuallyOn="Body" Contact="false" IgnorePosition="true" Branching="Lateral,Vertical,Longitudinal,Stratal" Mobility="1" RequiresType="" Abstract="true" />
	
	<bodyparttypevariant VariantOf="Missile Weapon" Type="Natural Projectile" RequiresType="Body" Abstract="true" />
	
</bodyparttypevariants>

  <anatomies>
  

    <anatomy Name="AzPx_HumanoidPk">
      <part Type="Head">
        <part Type="Face" />
      </part>
      <part Type="Back" />
      <part Type="Arm" Laterality="Right">
        <part Type="Hand" Laterality="Right" SupportsDependent="Hands" />
      </part>
      <part Type="Arm" Laterality="Left">
        <part Type="Hand" Laterality="Left" SupportsDependent="Hands" />
      </part>
	  <part Type="Foot" Laterality="Right" SupportsDependent="Feet" />
      <part Type="Foot" Laterality="Left" SupportsDependent="Feet" />
      <part Type="Missile Weapon" Laterality="Right" />
      <part Type="Missile Weapon" Laterality="Left" />
      <part Type="Hands" DependsOn="Hands" />
      <part Type="Feet" DependsOn="Feet" />
    </anatomy>

	<anatomy Name="AzPx_BipedPk">
      <part Type="Head">
        <part Type="Face" />
      </part>
      <part Type="Back" />
      <part Type="Arm" Laterality="Right">
        <part Type="Hand" Laterality="Right" SupportsDependent="Hands" />
      </part>
      <part Type="Arm" Laterality="Left">
        <part Type="Hand" Laterality="Left" SupportsDependent="Hands" />
      </part>
	  <part Type="Foot" Laterality="Right" SupportsDependent="Feet" />
      <part Type="Foot" Laterality="Left" SupportsDependent="Feet" />
      <part Type="Missile Weapon" Laterality="Right" />
      <part Type="Missile Weapon" Laterality="Left" />
      <part Type="Hands" DependsOn="Hands" />
      <part Type="Feet" DependsOn="Feet" />
    </anatomy>

    <anatomy Name="AzPx_TailedBipedPk">
      <part Type="Head">
        <part Type="Face" />
      </part>
      <part Type="Back" />
      <part Type="Arm" Laterality="Right">
        <part Type="Hand" Laterality="Right" SupportsDependent="Hands" />
      </part>
      <part Type="Arm" Laterality="Left">
        <part Type="Hand" Laterality="Left" SupportsDependent="Hands" />
      </part>
	  <part Type="Foot" Laterality="Right" SupportsDependent="Feet" />
      <part Type="Foot" Laterality="Left" SupportsDependent="Feet" />
      <part Type="Missile Weapon" Laterality="Right" />
      <part Type="Missile Weapon" Laterality="Left" />
      <part Type="Hands" DependsOn="Hands" />
      <part Type="Feet" DependsOn="Feet" />
      <part Type="Tail" />
    </anatomy>
	
	<anatomy Name="AzPx_BuizelAnatomy">
      <part Type="Head">
        <part Type="Face" />
      </part>
      <part Type="Back" />
      <part Type="Arm" Laterality="Right">
	    <part Type="Fin" Laterality="Right" />
        <part Type="Hand" Laterality="Right" SupportsDependent="Hands" />
      </part>
      <part Type="Arm" Laterality="Left">
		<part Type="Fin" Laterality="Left" />
        <part Type="Hand" Laterality="Left" SupportsDependent="Hands" />
      </part>
	  <part Type="Foot" Laterality="Right" SupportsDependent="Feet" />
      <part Type="Foot" Laterality="Left" SupportsDependent="Feet" />
      <part Type="Missile Weapon" Laterality="Right" />
      <part Type="Missile Weapon" Laterality="Left" />
      <part Type="Hands" DependsOn="Hands" />
      <part Type="Feet" DependsOn="Feet" />
      <part Type="Tail" Laterality="Right" />
	  <part Type="Tail" Laterality="Left" />
    </anatomy>
	
	<anatomy Name="AzPx_HumanoidRobot" Category="Mechanical">
      <part Type="Head">
        <part Type="Face" />
      </part>
      <part Type="Back" />
      <part Type="Arm" Laterality="Right">
        <part Type="Hand" Laterality="Right" DefaultBehavior="MetalFist" SupportsDependent="Hands" />
      </part>
      <part Type="Arm" Laterality="Left">
        <part Type="Hand" Laterality="Left" DefaultBehavior="MetalFist" SupportsDependent="Hands" />
      </part>
	  <part Type="Foot" Laterality="Right" SupportsDependent="Feet" />
      <part Type="Foot" Laterality="Left" SupportsDependent="Feet" />
      <part Type="Missile Weapon" Laterality="Right" />
      <part Type="Missile Weapon" Laterality="Left" />
      <part Type="Hands" DependsOn="Hands" />
      <part Type="Feet" DependsOn="Feet" />
    </anatomy>
	
<anatomy Name="AzPx_PsyFishAnatomy">
      <part Type="Head">
        <part Type="Face" />
      </part>
	  <part Type="TK Grasper" />
	  <part Type="TK Grasper" />
	  <part Type="TK Grasper" />
      <part Type="Back" />
      <part Type="Dorsal Fin" />
      <part Type="Fin" Laterality="Right" />
      <part Type="Fin" Laterality="Left" />
      <part Type="Missile Weapon" Laterality="Right" />
      <part Type="Missile Weapon" Laterality="Left" />
      <part Type="Tail Fin" />
    </anatomy>
	
	<anatomy Name="AzPx_SnivyAnatomy">
      <part Type="Head">
        <part Type="Face" />
      </part>
      <part Type="Back" />
	  <part Type="Bine" Laterality="Right" />
      <part Type="Bine" Laterality="Left" />
      <part Type="Arm" Laterality="Right">
        <part Type="Hand" Laterality="Right" SupportsDependent="Hands" />
      </part>
      <part Type="Arm" Laterality="Left">
        <part Type="Hand" Laterality="Left" SupportsDependent="Hands" />
      </part>
	  <part Type="Foot" Laterality="Right" SupportsDependent="Feet" />
      <part Type="Foot" Laterality="Left" SupportsDependent="Feet" />
      <part Type="Missile Weapon" Laterality="Right" />
      <part Type="Missile Weapon" Laterality="Left" />
      <part Type="Hands" DependsOn="Hands" />
      <part Type="Feet" DependsOn="Feet" />
      <part Type="Tail" />
    </anatomy>
	
	<anatomy Name="AzPx_SerperiorAnatomy">
      <part Type="Head">
        <part Type="Face" />
      </part>
      <part Type="Back" />
	  <part Type="Bine" Laterality="Right" />
      <part Type="Bine" Laterality="Left" />
      <part Type="Arm" Laterality="Right">
        <part Type="Hand" Laterality="Right" SupportsDependent="Hands" />
      </part>
      <part Type="Arm" Laterality="Left">
        <part Type="Hand" Laterality="Left" SupportsDependent="Hands" />
      </part>
      <part Type="Missile Weapon" Laterality="Right" />
      <part Type="Missile Weapon" Laterality="Left" />
      <part Type="Hands" DependsOn="Hands" />
      <part Type="Tail" />
    </anatomy>
	
	<anatomy Name="AzPx_HydreigonAnatomy">
      <part Type="Head" Laterality="Right">
	    <part Type="Face" Laterality="Right" />
      </part>
	  <part Type="Head">
	    <part Type="Face" />
      </part>
	  <part Type="Head" Laterality="Left">
	    <part Type="Face" Laterality="Left"/>
      </part>
      <part Type="Back" />
      <part Type="Leg" Laterality="Right" SupportsDependent="Legs" />
      <part Type="Leg" Laterality="Left" SupportsDependent="Legs" />
      <part Type="Missile Weapon" Laterality="Right" />
      <part Type="Missile Weapon" Laterality="Left" />
      <part Type="Legs" DependsOn="Legs" />
	  <part Type="Tail" />
    </anatomy>
	
	<anatomy Name="AzPx_TrevenantAnatomy">
      <part Type="Head">
        <part Type="Face" />
      </part>
      <part Type="Back" />
      <part Type="Arm" Laterality="Right">
        <part Type="Hand" Laterality="Right" SupportsDependent="Hands" />
      </part>
      <part Type="Arm" Laterality="Left">
        <part Type="Hand" Laterality="Left" SupportsDependent="Hands" />
      </part>
	  <part Type="Leg" Laterality="Right Fore" SupportsDependent="Forelegs" />
      <part Type="Leg" Laterality="Left Fore" SupportsDependent="Forelegs" />
      <part Type="Leg" Laterality="Right Mid" SupportsDependent="Midlegs" />
      <part Type="Leg" Laterality="Left Mid" SupportsDependent="Midlegs" />
      <part Type="Leg" Laterality="Right Hind" SupportsDependent="Hindlegs" />
      <part Type="Leg" Laterality="Left Hind" SupportsDependent="Hindlegs" />
      <part Type="Missile Weapon" Laterality="Right" />
      <part Type="Missile Weapon" Laterality="Left" />
      <part Type="Legs" Laterality="Fore" DependsOn="Forelegs" Mobility="0" />
      <part Type="Legs" Laterality="Mid Fore" DependsOn="Midlegs" Mobility="0" />
      <part Type="Legs" Laterality="Hind" DependsOn="Hindlegs" Mobility="0" />
    </anatomy>
	
	<anatomy Name="AzPx_QuadrupedPk">
      <part Type="Head">
        <part Type="Face" />
      </part>
      <part Type="Back" />
      <part Type="Foot" Laterality="Right Fore" SupportsDependent="Forefeet" />
      <part Type="Foot" Laterality="Left Fore" SupportsDependent="Forefeet" />
      <part Type="Foot" Laterality="Right Hind" SupportsDependent="Hindfeet" />
      <part Type="Foot" Laterality="Left Hind" SupportsDependent="Hindfeet" />
      <part Type="Missile Weapon" Laterality="Right" />
      <part Type="Missile Weapon" Laterality="Left" />
      <part Type="Feet" Laterality="Fore" DependsOn="Forefeet" Mobility="0" />
      <part Type="Feet" Laterality="Hind" DependsOn="Hindfeet" Mobility="0" />
      <part Type="Tail" />
    </anatomy>

  </anatomies>

</bodies>
