<?xml version="1.0" encoding="utf-8"?>
<populations>

<!-- Starting Gear -->

<population Name="AzPx_StartGear_Water">
    <group Style="pickeach">
      <object Blueprint="EmptyWaterskin" Number="2"></object>
	  <object Blueprint="Waterskin" Number="1"></object>
	  <object Blueprint="HalfFullWaterskin" Number="1"></object>
	  <table Name="#Junk 1" Number="1d3" />
    </group>
</population>

<population Name="AzPx_StartGear_Pikachu">
<!--     <group Style="pickeach">
      <object Blueprint="AzPx_ThunderShock" Number="1"></object>
    </group> -->
	<table Name="AzPx_StartGear_Water"></table>
  </population>
  <population Name="AzPx_StartGear_Deerling">
    <group Style="pickeach">
      <object Blueprint="AzPx_DeerlingKick" Number="2"></object>
    </group>
	<table Name="AzPx_StartGear_Water"></table>
  </population>
  <population Name="AzPx_StartGear_Clefairy">
	<table Name="AzPx_StartGear_Water"></table>
  </population>
  <population Name="AzPx_StartGear_Snivy">
	<table Name="AzPx_StartGear_Water"></table>
  </population>
  <population Name="AzPx_StartGear_Tepig">
	<table Name="AzPx_StartGear_Water"></table>
  </population>
  <population Name="AzPx_StartGear_Oshawott">
    <group Style="pickeach">
      <object Blueprint="AzPx_Scallchop" Number="1"></object>
    </group>
	<table Name="AzPx_StartGear_Water"></table>
  </population>
  <population Name="AzPx_StartGear_Ralts">
	<table Name="AzPx_StartGear_Water"></table>
  </population>
  <population Name="AzPx_StartGear_Buizel">
	<table Name="AzPx_StartGear_Water"></table>
  </population>
  <population Name="AzPx_StartGear_Chespin">
	<table Name="AzPx_StartGear_Water"></table>
  </population>
  <population Name="AzPx_StartGear_Fennekin">
	<table Name="AzPx_StartGear_Water"></table>
  </population>
  <population Name="AzPx_StartGear_Froakie">
	<table Name="AzPx_StartGear_Water"></table>
  </population>

</populations>